{"cameraMode":{"drawMode":0,"name":"Shaded","section":"Shading Mode"},"sceneLighting":true,"audioPlay":false,"sceneViewState":{"showFog":false,"showMaterialUpdate":false,"showSkybox":false,"showFlares":false,"showImageEffects":false,"showParticleSystems":false},"in2DMode":false,"pivot":{"x":-24.36317253112793,"y":0.9799998998641968,"z":19.342327117919923},"rotation":{"x":0.13296698033809663,"y":0.8545606136322022,"z":-0.4248802959918976,"w":0.26743650436401369},"size":3.7770230770111086,"orthographic":false}