{"cameraMode":{"drawMode":0,"name":"Shaded","section":"Shading Mode"},"sceneLighting":false,"audioPlay":false,"sceneViewState":{"showFog":true,"showMaterialUpdate":false,"showSkybox":false,"showFlares":true,"showImageEffects":true,"showParticleSystems":true},"in2DMode":false,"pivot":{"x":0.005930542945861816,"y":0.8803383708000183,"z":-0.01799595355987549},"rotation":{"x":-0.04220373183488846,"y":0.9494628310203552,"z":-0.14582672715187074,"w":-0.27477413415908816},"size":4.284529209136963,"orthographic":true}